{
  "p25": 0.0994594618678093,
  "p50": 0.13968254625797272,
  "p75": 0.17133791744709015,
  "clinical_threshold_20pct": 0.14136902987957
}