{
  "p25": 0.0873015895485878,
  "p50": 0.13223139941692352,
  "p75": 0.17307691276073456,
  "clinical_threshold_20pct": 0.1556949019432068
}