{
  "p25": 0.08058608323335648,
  "p50": 0.1324404776096344,
  "p75": 0.17498566210269928,
  "clinical_threshold_20pct": 0.15091678500175476
}