{
  "p25": 0.0966702476143837,
  "p50": 0.12306558340787888,
  "p75": 0.1690240502357483,
  "clinical_threshold_20pct": 0.16564416885375977
}